millis,stamp,datetime,motion
1000,1564402524, 2019/7/29 12:15:24, Inactive
1999,1564402525, 2019/7/29 12:15:25, Inactive
2999,1564402526, 2019/7/29 12:15:26, Inactive
3999,1564402527, 2019/7/29 12:15:27, Inactive
4999,1564402528, 2019/7/29 12:15:28, Inactive
5999,1564402529, 2019/7/29 12:15:29, Inactive
6999,1564402530, 2019/7/29 12:15:30, Inactive
7999,1564402531, 2019/7/29 12:15:31, Inactive
8999,1564402532, 2019/7/29 12:15:32, Active
9999,1564402533, 2019/7/29 12:15:33, Active
10999,1564402534, 2019/7/29 12:15:34, Active
11999,1564402535, 2019/7/29 12:15:35, Active
12999,1564402536, 2019/7/29 12:15:36, Active
13999,1564402537, 2019/7/29 12:15:37, Inactive
14999,1564402538, 2019/7/29 12:15:38, Inactive
16000,1564402539, 2019/7/29 12:15:39, Inactive
16999,1564402540, 2019/7/29 12:15:40, Active
17999,1564402541, 2019/7/29 12:15:41, Active
18999,1564402542, 2019/7/29 12:15:42, Inactive
19999,1564402543, 2019/7/29 12:15:43, Inactive
20999,1564402544, 2019/7/29 12:15:44, Inactive
21999,1564402545, 2019/7/29 12:15:45, Inactive
23000,1564402546, 2019/7/29 12:15:46, Active
23999,1564402547, 2019/7/29 12:15:47, Active
24999,1564402548, 2019/7/29 12:15:48, Active
25999,1564402549, 2019/7/29 12:15:49, Inactive
26999,1564402550, 2019/7/29 12:15:50, Inactive
27999,1564402551, 2019/7/29 12:15:51, Inactive
28999,1564402552, 2019/7/29 12:15:52, Inactive
29999,1564402553, 2019/7/29 12:15:53, Active
30999,1564402554, 2019/7/29 12:15:54, Active
32000,1564402555, 2019/7/29 12:15:55, Active
32999,1564402556, 2019/7/29 12:15:56, Active
33999,1564402557, 2019/7/29 12:15:57, Active
34999,1564402558, 2019/7/29 12:15:58, Active
35999,1564402559, 2019/7/29 12:15:59, Inactive
36999,1564402560, 2019/7/29 12:16:0, Inactive
37999,1564402561, 2019/7/29 12:16:1, Inactive
38999,1564402562, 2019/7/29 12:16:2, Inactive
39999,1564402563, 2019/7/29 12:16:3, Inactive
40999,1564402564, 2019/7/29 12:16:4, Active
41999,1564402565, 2019/7/29 12:16:5, Active
42999,1564402566, 2019/7/29 12:16:6, Inactive
43999,1564402567, 2019/7/29 12:16:7, Inactive
44999,1564402568, 2019/7/29 12:16:8, Inactive
45999,1564402569, 2019/7/29 12:16:9, Active
46999,1564402570, 2019/7/29 12:16:10, Active
48000,1564402571, 2019/7/29 12:16:11, Active
48999,1564402572, 2019/7/29 12:16:12, Inactive
49998,1564402573, 2019/7/29 12:16:13, Inactive
50999,1564402574, 2019/7/29 12:16:14, Active
51999,1564402575, 2019/7/29 12:16:15, Active
52999,1564402576, 2019/7/29 12:16:16, Active
53999,1564402577, 2019/7/29 12:16:17, Active
54999,1564402578, 2019/7/29 12:16:18, Inactive
55999,1564402579, 2019/7/29 12:16:19, Inactive
56998,1564402580, 2019/7/29 12:16:20, Inactive
57999,1564402581, 2019/7/29 12:16:21, Inactive
58998,1564402582, 2019/7/29 12:16:22, Inactive
59999,1564402583, 2019/7/29 12:16:23, Inactive
60999,1564402584, 2019/7/29 12:16:24, Active
61999,1564402585, 2019/7/29 12:16:25, Active
62999,1564402586, 2019/7/29 12:16:26, Active
64000,1564402587, 2019/7/29 12:16:27, Inactive
65000,1564402588, 2019/7/29 12:16:28, Inactive
65998,1564402589, 2019/7/29 12:16:29, Inactive
66999,1564402590, 2019/7/29 12:16:30, Active
67999,1564402591, 2019/7/29 12:16:31, Active
68999,1564402592, 2019/7/29 12:16:32, Active
69999,1564402593, 2019/7/29 12:16:33, Inactive
70999,1564402594, 2019/7/29 12:16:34, Inactive
71999,1564402595, 2019/7/29 12:16:35, Inactive
73000,1564402596, 2019/7/29 12:16:36, Inactive
73999,1564402597, 2019/7/29 12:16:37, Inactive
74998,1564402598, 2019/7/29 12:16:38, Inactive
75999,1564402599, 2019/7/29 12:16:39, Inactive
76998,1564402600, 2019/7/29 12:16:40, Active
78000,1564402601, 2019/7/29 12:16:41, Active
78999,1564402602, 2019/7/29 12:16:42, Active
79998,1564402603, 2019/7/29 12:16:43, Inactive
80999,1564402604, 2019/7/29 12:16:44, Inactive
81999,1564402605, 2019/7/29 12:16:45, Inactive
82999,1564402606, 2019/7/29 12:16:46, Inactive
83998,1564402607, 2019/7/29 12:16:47, Inactive
84999,1564402608, 2019/7/29 12:16:48, Inactive
85999,1564402609, 2019/7/29 12:16:49, Active
87000,1564402610, 2019/7/29 12:16:50, Active
87999,1564402611, 2019/7/29 12:16:51, Active
88999,1564402612, 2019/7/29 12:16:52, Active
89999,1564402613, 2019/7/29 12:16:53, Inactive
90999,1564402614, 2019/7/29 12:16:54, Inactive
91999,1564402615, 2019/7/29 12:16:55, Active
92999,1564402616, 2019/7/29 12:16:56, Active
93999,1564402617, 2019/7/29 12:16:57, Active
94999,1564402618, 2019/7/29 12:16:58, Inactive
96000,1564402619, 2019/7/29 12:16:59, Inactive
96999,1564402620, 2019/7/29 12:17:0, Inactive
97999,1564402621, 2019/7/29 12:17:1, Active
98999,1564402622, 2019/7/29 12:17:2, Active
99999,1564402623, 2019/7/29 12:17:3, Inactive
100999,1564402624, 2019/7/29 12:17:4, Inactive
101999,1564402625, 2019/7/29 12:17:5, Inactive
102999,1564402626, 2019/7/29 12:17:6, Inactive
103999,1564402627, 2019/7/29 12:17:7, Inactive
104999,1564402628, 2019/7/29 12:17:8, Inactive
105999,1564402629, 2019/7/29 12:17:9, Inactive
106999,1564402630, 2019/7/29 12:17:10, Inactive
107999,1564402631, 2019/7/29 12:17:11, Inactive
108999,1564402632, 2019/7/29 12:17:12, Inactive
109999,1564402633, 2019/7/29 12:17:13, Inactive
110999,1564402634, 2019/7/29 12:17:14, Inactive
111998,1564402635, 2019/7/29 12:17:15, Inactive
112999,1564402636, 2019/7/29 12:17:16, Inactive
113999,1564402637, 2019/7/29 12:17:17, Inactive
114999,1564402638, 2019/7/29 12:17:18, Inactive
115999,1564402639, 2019/7/29 12:17:19, Inactive
116999,1564402640, 2019/7/29 12:17:20, Inactive
117999,1564402641, 2019/7/29 12:17:21, Inactive
119000,1564402642, 2019/7/29 12:17:22, Inactive
119999,1564402643, 2019/7/29 12:17:23, Inactive
120999,1564402644, 2019/7/29 12:17:24, Inactive
121999,1564402645, 2019/7/29 12:17:25, Inactive
122999,1564402646, 2019/7/29 12:17:26, Inactive
123999,1564402647, 2019/7/29 12:17:27, Inactive
124999,1564402648, 2019/7/29 12:17:28, Inactive
125999,1564402649, 2019/7/29 12:17:29, Inactive
126999,1564402650, 2019/7/29 12:17:30, Inactive
128000,1564402651, 2019/7/29 12:17:31, Inactive
128999,1564402652, 2019/7/29 12:17:32, Inactive
129999,1564402653, 2019/7/29 12:17:33, Inactive
130999,1564402654, 2019/7/29 12:17:34, Inactive
131999,1564402655, 2019/7/29 12:17:35, Inactive
132999,1564402656, 2019/7/29 12:17:36, Inactive
133999,1564402657, 2019/7/29 12:17:37, Inactive
134999,1564402658, 2019/7/29 12:17:38, Inactive
135999,1564402659, 2019/7/29 12:17:39, Inactive
136999,1564402660, 2019/7/29 12:17:40, Inactive
137999,1564402661, 2019/7/29 12:17:41, Inactive
138999,1564402662, 2019/7/29 12:17:42, Inactive
139999,1564402663, 2019/7/29 12:17:43, Inactive
140999,1564402664, 2019/7/29 12:17:44, Inactive
141999,1564402665, 2019/7/29 12:17:45, Inactive
142999,1564402666, 2019/7/29 12:17:46, Inactive
144000,1564402667, 2019/7/29 12:17:47, Inactive
144999,1564402668, 2019/7/29 12:17:48, Inactive
145999,1564402669, 2019/7/29 12:17:49, Inactive
146999,1564402670, 2019/7/29 12:17:50, Inactive
147999,1564402671, 2019/7/29 12:17:51, Inactive
148999,1564402672, 2019/7/29 12:17:52, Inactive
149999,1564402673, 2019/7/29 12:17:53, Inactive
151000,1564402674, 2019/7/29 12:17:54, Inactive
151999,1564402675, 2019/7/29 12:17:55, Inactive
152999,1564402676, 2019/7/29 12:17:56, Inactive
153999,1564402677, 2019/7/29 12:17:57, Inactive
154999,1564402678, 2019/7/29 12:17:58, Inactive
155999,1564402679, 2019/7/29 12:17:59, Inactive
156999,1564402680, 2019/7/29 12:18:0, Inactive
158000,1564402681, 2019/7/29 12:18:1, Inactive
158999,1564402682, 2019/7/29 12:18:2, Inactive
160000,1564402683, 2019/7/29 12:18:3, Inactive
160998,1564402684, 2019/7/29 12:18:4, Inactive
161999,1564402685, 2019/7/29 12:18:5, Inactive
162999,1564402686, 2019/7/29 12:18:6, Inactive
163999,1564402687, 2019/7/29 12:18:7, Inactive
164999,1564402688, 2019/7/29 12:18:8, Inactive
165999,1564402689, 2019/7/29 12:18:9, Inactive
166999,1564402690, 2019/7/29 12:18:10, Inactive
167999,1564402691, 2019/7/29 12:18:11, Inactive
168999,1564402692, 2019/7/29 12:18:12, Inactive
169999,1564402693, 2019/7/29 12:18:13, Inactive
170999,1564402694, 2019/7/29 12:18:14, Inactive
171999,1564402695, 2019/7/29 12:18:15, Inactive
172999,1564402696, 2019/7/29 12:18:16, Inactive
174000,1564402697, 2019/7/29 12:18:17, Inactive
174999,1564402698, 2019/7/29 12:18:18, Inactive
176000,1564402699, 2019/7/29 12:18:19, Inactive
176999,1564402700, 2019/7/29 12:18:20, Inactive
177999,1564402701, 2019/7/29 12:18:21, Inactive
178999,1564402702, 2019/7/29 12:18:22, Inactive
179998,1564402703, 2019/7/29 12:18:23, Inactive
180999,1564402704, 2019/7/29 12:18:24, Inactive
181999,1564402705, 2019/7/29 12:18:25, Inactive
182999,1564402706, 2019/7/29 12:18:26, Inactive
183999,1564402707, 2019/7/29 12:18:27, Active
184999,1564402708, 2019/7/29 12:18:28, Active
185999,1564402709, 2019/7/29 12:18:29, Inactive
186999,1564402710, 2019/7/29 12:18:30, Inactive
187999,1564402711, 2019/7/29 12:18:31, Inactive
188999,1564402712, 2019/7/29 12:18:32, Inactive
189999,1564402713, 2019/7/29 12:18:33, Active
190999,1564402714, 2019/7/29 12:18:34, Active
191998,1564402715, 2019/7/29 12:18:35, Active
192999,1564402716, 2019/7/29 12:18:36, Active
193999,1564402717, 2019/7/29 12:18:37, Inactive
194999,1564402718, 2019/7/29 12:18:38, Inactive
195999,1564402719, 2019/7/29 12:18:39, Inactive
196999,1564402720, 2019/7/29 12:18:40, Inactive
197999,1564402721, 2019/7/29 12:18:41, Inactive
198999,1564402722, 2019/7/29 12:18:42, Inactive
199999,1564402723, 2019/7/29 12:18:43, Inactive
200999,1564402724, 2019/7/29 12:18:44, Inactive
201998,1564402725, 2019/7/29 12:18:45, Inactive
202999,1564402726, 2019/7/29 12:18:46, Active
203999,1564402727, 2019/7/29 12:18:47, Active
204999,1564402728, 2019/7/29 12:18:48, Inactive
206000,1564402729, 2019/7/29 12:18:49, Inactive
206999,1564402730, 2019/7/29 12:18:50, Inactive
208000,1564402731, 2019/7/29 12:18:51, Inactive
208999,1564402732, 2019/7/29 12:18:52, Active
209999,1564402733, 2019/7/29 12:18:53, Active
210999,1564402734, 2019/7/29 12:18:54, Active
211999,1564402735, 2019/7/29 12:18:55, Active
212999,1564402736, 2019/7/29 12:18:56, Active
213999,1564402737, 2019/7/29 12:18:57, Active
214999,1564402738, 2019/7/29 12:18:58, Active
215999,1564402739, 2019/7/29 12:18:59, Active
216999,1564402740, 2019/7/29 12:19:0, Active
217999,1564402741, 2019/7/29 12:19:1, Active
218999,1564402742, 2019/7/29 12:19:2, Active
219999,1564402743, 2019/7/29 12:19:3, Active
221000,1564402744, 2019/7/29 12:19:4, Active
222000,1564402745, 2019/7/29 12:19:5, Active
222999,1564402746, 2019/7/29 12:19:6, Active
224000,1564402747, 2019/7/29 12:19:7, Active
224999,1564402748, 2019/7/29 12:19:8, Active
225999,1564402749, 2019/7/29 12:19:9, Inactive
226999,1564402750, 2019/7/29 12:19:10, Inactive
227999,1564402751, 2019/7/29 12:19:11, Inactive
228999,1564402752, 2019/7/29 12:19:12, Inactive
229999,1564402753, 2019/7/29 12:19:13, Inactive
230999,1564402754, 2019/7/29 12:19:14, Active
231999,1564402755, 2019/7/29 12:19:15, Active
232999,1564402756, 2019/7/29 12:19:16, Active
